name=waterbiteme,name=BorisJohnson,'2021-03-27'
name=wang26055475,name=@cyclinggnome,'2021-03-27'
name=jianyutong2,name=@XingChannel,'2021-03-27'
name=jianyutong2,name=@XingChannel,'2021-03-27'
name=philmchue,name=nikestore,'2021-03-27'
name=philmchue,name=nikestore,'2021-03-27'
name=philmchue,name=nikestore,'2021-03-27'
name=philmchue,name=Cristiano,'2021-03-27'
name=philmchue,name=def_seunie,'2021-03-27'
name=zhou_xiaozhen,name=@ajplus,'2021-03-27'
name=zhou_xiaozhen,name=@bjyxlove,'2021-03-27'
name=zhou_xiaozhen,name=@KenRoth,'2021-03-27'
name=realjiatian,name=Reuters,'2021-03-27'
name=ge_fortune,name=LeaveEUOfficial,'2021-03-27'
name=ge_fortune,name=Reuters,'2021-03-27'
name=ge_fortune,name=BorisJohnson,'2021-03-27'
name=ge_fortune,name=CNN,'2021-03-27'
name=ge_fortune,name=Reuters,'2021-03-27'
name=ge_fortune,name=BorisJohnson,'2021-03-27'
name=realelyas_w,name=@archdrop5,'2021-03-27'
name=realelyas_w,name=@archdrop5,'2021-03-27'
name=tigerli88331492,name=UniqloUSA,'2021-03-27'
name=tigerli88331492,name=UniqloUSA,'2021-03-27'
name=tigerli88331492,name=baohanyu1,'2021-03-27'
name=tigerli88331492,name=Mujicanada,'2021-03-27'
name=tigerli88331492,name=Mujicanada,'2021-03-27'
name=tigerli88331492,name=Mujicanada,'2021-03-27'
name=tigerli88331492,name=Mujicanada,'2021-03-27'
name=tigerli88331492,name=Mujicanada,'2021-03-27'
name=tigerli88331492,name=Mujicanada,'2021-03-27'
name=tigerli88331492,name=Mujicanada,'2021-03-27'
name=tigerli88331492,name=mujiusa,'2021-03-27'
name=tigerli88331492,name=mujiusa,'2021-03-27'
name=tigerli88331492,name=mujiusa,'2021-03-27'
name=tigerli88331492,name=mujiusa,'2021-03-27'
name=realelyas_w,name=@archdrop5,'2021-03-27'
name=realelyas_w,name=@archdrop5,'2021-03-27'
name=doggiecns,name=@yicaichina,'2021-03-26'
name=donotgogentlei2,name=Reuters,'2021-03-26'
name=waterbiteme,name=Goggles_Pisano,'2021-03-26'
name=donotgogentlei2,name=muji_net,'2021-03-26'
name=donotgogentlei2,name=muji_net,'2021-03-26'
name=donotgogentlei2,name=muji_net,'2021-03-26'
name=donotgogentlei2,name=muji_net,'2021-03-26'
name=donotgogentlei2,name=Jingjing_Li,'2021-03-26'
name=donotgogentlei2,name=SpokespersonCHN,'2021-03-26'
name=zoe70841841,name=peckerpig1,'2021-03-26'
name=zoe70841841,name=SpokespersonCHN,'2021-03-26'
name=zoe70841841,name=j_smithfinley,'2021-03-26'
name=bumeng_mint,name=@Defka_offshore,'2021-03-26'
name=waterbiteme,name=MissCellaneou16,'2021-03-26'
name=waterbiteme,name=TomTugendhat,'2021-03-26'
name=waterbiteme,name=BorisJohnson,'2021-03-26'
name=pcyyyyyyyyyyexo,name=@IKillYo74299486,'2021-03-26'
name=pcyyyyyyyyyyexo,name=@exodansmoncoeur,'2021-03-26'
name=pcyyyyyyyyyyexo,name=@Xiumallowsy,'2021-03-26'
name=pcyyyyyyyyyyexo,name=@anna_vltt,'2021-03-26'
name=pcyyyyyyyyyyexo,name=@exooxeexoo,'2021-03-26'
name=pcyyyyyyyyyyexo,name=@groovyevrwhr,'2021-03-26'
name=wangda94065999,name=@mattiism,'2021-03-26'
name=pcyyyyyyyyyyexo,name=@exothunderwind,'2021-03-26'
name=pcyyyyyyyyyyexo,name=@ChanLaiFong3,'2021-03-26'
name=pcyyyyyyyyyyexo,name=@Garnsoo,'2021-03-26'
name=pcyyyyyyyyyyexo,name=@EXO_Untamed,'2021-03-26'
name=zhou_xiaozhen,name=@KenRoth,'2021-03-26'
name=duoweng,name=@VOAChinese,'2021-03-26'
name=duoweng,name=@VOAChinese,'2021-03-26'
name=duoweng,name=@MJTVHoPin,'2021-03-26'
name=duoweng,name=@wangzhian8848,'2021-03-26'
name=jianyutong2,name=@JongdaeAbuji,'2021-03-26'
name=jianyutong2,name=@JongdaeAbuji,'2021-03-26'
name=waterbiteme,name=GeorgeThe9th,'2021-03-26'
name=waterbiteme,name=Independent,'2021-03-26'
name=waterbiteme,name=joshchin,'2021-03-26'
name=luciaty1,name=JoshAMatthew,'2021-03-26'
name=luciaty1,name=h_mckean,'2021-03-26'
name=luciaty1,name=joe43932,'2021-03-26'
name=luciaty1,name=herbert_goat,'2021-03-26'
name=bumeng_mint,name=21kman,'2021-03-26'
name=dodooobird,name=@kimhooi1,'2021-03-26'
name=dodooobird,name=chinadjr,'2021-03-26'
name=dodooobird,name=jeremyziyu,'2021-03-26'
name=dodooobird,name=jeremyziyu,'2021-03-26'
name=taiquanhui,name=@Reuters,'2021-03-26'
name=taiquanhui,name=@Reuters,'2021-03-26'
name=mark10397156,name=@Byeta5,'2021-03-26'
name=mark10397156,name=@joe43932,'2021-03-26'
name=mark10397156,name=@hongkongersin,'2021-03-26'
name=404loading404,name=@CGTNOfficial,'2021-03-26'
name=mark10397156,name=@Sibirski12,'2021-03-26'
name=mark10397156,name=@Reuters,'2021-03-26'
name=mark10397156,name=@Reuters,'2021-03-26'
name=mark10397156,name=@Reuters,'2021-03-26'
name=404loading404,name=@002_tdr,'2021-03-26'
name=404loading404,name=@ChollimaOrg,'2021-03-26'
name=404loading404,name=@SpokespersonCHN,'2021-03-26'
name=404loading404,name=@SpokespersonCHN,'2021-03-26'
name=5hlfll9bhvlinxg,name=@zebrasfly,'2021-03-26'
name=wangda94065999,name=@Reuters,'2021-03-26'
name=5hlfll9bhvlinxg,name=@TLYoung765,'2021-03-26'
name=kusmzstuwzdlaql,name=@turtlemama85105,'2021-03-26'
name=5hlfll9bhvlinxg,name=@hongkongersin,'2021-03-26'
name=5hlfll9bhvlinxg,name=@Brianch85,'2021-03-26'
name=5hlfll9bhvlinxg,name=@h_mckean,'2021-03-26'
name=kusmzstuwzdlaql,name=@ardiansahnm,'2021-03-26'
name=kusmzstuwzdlaql,name=@xrefcece,'2021-03-26'
name=wangda94065999,name=@JoshAMatthew,'2021-03-26'
name=kusmzstuwzdlaql,name=@hongkongersin,'2021-03-26'
name=kusmzstuwzdlaql,name=@ajplus,'2021-03-26'
name=denimix1,name=marco_maiocchi,'2021-03-26'
name=denimix1,name=@marco_maiocchi,'2021-03-26'
name=salab08134420,name=@BBCWorld,'2021-03-26'
name=113_sunset,name=@tae_tae_hyun,'2021-03-26'
name=113_sunset,name=@mykreaw,'2021-03-26'
name=wangda94065999,name=@Reuters,'2021-03-26'
name=blue_domain,name=@SCMPNews,'2021-03-26'
name=404loading404,name=@bbcchinese,'2021-03-26'
name=salab08134420,name=@Wang_Laoshi_,'2021-03-25'
name=taiquanhui,name=@SamanthaJPower,'2021-03-25'
name=bemyselfguoxuan,name=@AsapComrade,'2021-03-25'
name=bemyselfguoxuan,name=@g_hall_54,'2021-03-25'
name=taiquanhui,name=@nathanlawkc,'2021-03-25'
name=bemyselfguoxuan,name=@SophieHung6,'2021-03-25'
name=bemyselfguoxuan,name=@jemerlia,'2021-03-25'
name=404loading404,name=@XinhuaChinese,'2021-03-25'
name=404loading404,name=@nytchinese,'2021-03-25'
name=fbbgykon9iwuzk8,name=@edgregson,'2021-03-25'
name=404loading404,name=@nytchinese,'2021-03-25'
name=blue_domain,name=@CarlZha,'2021-03-25'
name=mnqmbpizzbfuacu,name=@xiao44660671,'2021-03-25'
name=fbbgykon9iwuzk8,name=@Geopol2030,'2021-03-25'
name=fbbgykon9iwuzk8,name=@exoI293,'2021-03-25'
name=mnqmbpizzbfuacu,name=@Lingssivan,'2021-03-25'
name=blue_domain,name=@zlj517,'2021-03-25'
name=fbbgykon9iwuzk8,name=@ChollimaOrg,'2021-03-25'
name=fbbgykon9iwuzk8,name=@SpokespersonCHN,'2021-03-25'
name=fbbgykon9iwuzk8,name=@SpokespersonCHN,'2021-03-25'
name=wang26055475,name=@OmiljeniDaidza,'2021-03-25'
name=wang26055475,name=@TheSeljukprince,'2021-03-25'
name=wang26055475,name=@JoeHWolff,'2021-03-25'
name=wang26055475,name=@Sultan_Zim,'2021-03-25'
name=wang26055475,name=@FGgafoor,'2021-03-25'
name=404loading404,name=@Tom_Fowdy,'2021-03-25'
name=wang26055475,name=@vloneely,'2021-03-25'
name=404loading404,name=@cnni,'2021-03-25'
name=404loading404,name=@hmusa,'2021-03-25'
name=404loading404,name=@Reuters,'2021-03-25'
name=tnh3dlabuxfm5gh,name=@SamanthaJPower,'2021-03-25'
name=tnh3dlabuxfm5gh,name=@hmusa,'2021-03-25'
name=sallyd29225774,name=@Gen_Juhziz,'2021-03-25'
name=sallyd29225774,name=@cnni,'2021-03-25'
name=sallyd29225774,name=@austinramzy,'2021-03-25'
name=tnh3dlabuxfm5gh,name=@KenRoth,'2021-03-25'
name=pungchin2,name=@business,'2021-03-25'
name=pungchin2,name=@euronewsliving,'2021-03-25'
name=pungchin2,name=@KenRoth,'2021-03-25'
name=pungchin2,name=@Reuters,'2021-03-25'
name=pungchin2,name=@CNN,'2021-03-25'
name=pungchin2,name=@Reuters,'2021-03-25'
name=pungchin2,name=@BBCWorld,'2021-03-25'
name=pungchin2,name=@CNN,'2021-03-25'
name=113_sunset,name=@ariadne_king,'2021-03-25'
name=tnh3dlabuxfm5gh,name=ajplus,'2021-03-25'
name=tnh3dlabuxfm5gh,name=@BBCWorld,'2021-03-25'
name=tnh3dlabuxfm5gh,name=@austinramzy,'2021-03-25'
name=113_sunset,name=@DiMond_PH,'2021-03-25'
name=dodooobird,name=@hmusa,'2021-03-25'
name=kusmzstuwzdlaql,name=@LittleXingSays,'2021-03-25'
name=waterbiteme,name=nytimes,'2021-03-25'
name=kusmzstuwzdlaql,name=@bci_,'2021-03-25'
name=rhobow,name=Nike,'2021-03-25'
name=rhobow,name=HUGOBOSS,'2021-03-25'
name=kusmzstuwzdlaql,name=@baohanyu1,'2021-03-25'
name=kusmzstuwzdlaql,name=@messalinahooper,'2021-03-25'
name=rhobow,name=CalvinKlein,'2021-03-25'
name=kusmzstuwzdlaql,name=@Le_Yeon_online,'2021-03-25'
name=rhobow,name=LEVIS,'2021-03-25'
name=kusmzstuwzdlaql,name=@jameseisen1,'2021-03-25'
name=kusmzstuwzdlaql,name=@Cujobites,'2021-03-25'
name=kusmzstuwzdlaql,name=@jemerlia,'2021-03-25'
name=rhobow,name=cottontradersuk,'2021-03-25'
name=huhu19890102,name=@SecBlinken,'2021-03-25'
name=denimix1,name=rekids15,'2021-03-25'
name=denimix1,name=rekids15,'2021-03-25'
name=realjiatian,name=@Nike,'2021-03-25'
name=blue_domain,name=@wwd,'2021-03-25'
name=ccc_yyyyy,name=spyropic,'2021-03-25'
name=huhu19890102,name=@Abdoula82621819,'2021-03-25'
name=salab08134420,name=@nytimes,'2021-03-25'
name=404loading404,name=@hmusa,'2021-03-25'
name=huhu19890102,name=@Tlwano_,'2021-03-25'
name=mnqmbpizzbfuacu,name=baohanyu1,'2021-03-25'
name=mnqmbpizzbfuacu,name=baohanyu1,'2021-03-25'
name=huhu19890102,name=@KevinPa93381539,'2021-03-25'
name=huhu19890102,name=@LOWGREEn_,'2021-03-25'
name=huhu19890102,name=@allenenboyang,'2021-03-25'
name=huhu19890102,name=@Nike,'2021-03-25'
name=huhu19890102,name=@MikeYearworth,'2021-03-25'
name=huhu19890102,name=@ACaddock,'2021-03-25'
name=huhu19890102,name=@AlexOrWolf,'2021-03-25'
name=cmmmu13,name=@globaltimesnews,'2021-03-25'
name=5hlfll9bhvlinxg,name=@hmusa,'2021-03-25'
name=waterbiteme,name=dramapotatoe,'2021-03-25'
name=5hlfll9bhvlinxg,name=@kimhooi1,'2021-03-25'
name=5hlfll9bhvlinxg,name=@Lea62169214,'2021-03-25'
name=kiki71098413,name=@Geopol2030,'2021-03-25'
name=kiki71098413,name=@robertlargan,'2021-03-25'
name=kiki71098413,name=@Nicefella20,'2021-03-25'
name=huhu19890102,name=@NormanW80609991,'2021-03-25'
name=huhu19890102,name=@NormanW80609991,'2021-03-25'
name=salab08134420,name=@adrianzenz,'2021-03-25'
name=salab08134420,name=@studioincendo,'2021-03-25'
name=salab08134420,name=@Stand_with_HK,'2021-03-25'
name=kusmzstuwzdlaql,name=@SpeakerPelosi,'2021-03-25'
name=kusmzstuwzdlaql,name=@www_1841er,'2021-03-25'
name=salab08134420,name=@Reuters,'2021-03-25'
name=kusmzstuwzdlaql,name=@Wang_Laoshi_,'2021-03-25'
name=kusmzstuwzdlaql,name=@Parsley004,'2021-03-25'
name=kusmzstuwzdlaql,name=@Alezzzzzz3,'2021-03-25'
name=kusmzstuwzdlaql,name=@BCICotton,'2021-03-25'
name=cmmmu13,name=@HuXijin_GT,'2021-03-25'
name=cmmmu13,name=@LeoMessiWangTY,'2021-03-25'
name=welhem1,name=@JohnRoss43,'2021-03-25'
name=welhem1,name=@Reuters,'2021-03-25'
name=welhem1,name=@Reuters,'2021-03-25'
name=cmmmu13,name=@globaltimesnews,'2021-03-25'
name=cmmmu13,name=@bjyxlove,'2021-03-25'
name=cmmmu13,name=@StaceyTsang,'2021-03-25'
name=cmmmu13,name=@HKGlobalConnect,'2021-03-25'
name=dodo39442193,name=@ovo1214515265,'2021-03-25'
name=cmmmu13,name=@Nike,'2021-03-25'
name=cmmmu13,name=@sparepart700,'2021-03-25'
name=cmmmu13,name=@Nike,'2021-03-25'
name=kusmzstuwzdlaql,name=@JoJoMamanBebe,'2021-03-25'
name=kusmzstuwzdlaql,name=@BCICotton,'2021-03-25'
name=ccc_yyyyy,name=JohnRoss43,'2021-03-25'
name=ccc_yyyyy,name=AJENews,'2021-03-25'
name=zh_baolong,name=@dw_chinese,'2021-03-25'
name=meliy777,name=@Inkling61,'2021-03-25'
name=meliy777,name=@MaitreyaBhakal,'2021-03-25'
name=meliy777,name=@Nickel_ore,'2021-03-25'
name=meliy777,name=@deinhk,'2021-03-25'
name=zbwqd1,name=KenRoth,'2021-03-25'
name=zbwqd1,name=michaeljohns,'2021-03-25'
name=zbwqd1,name=PausStan,'2021-03-25'
name=zbwqd1,name=SecPompeo,'2021-03-25'
name=waterbiteme,name=Chilaki85651847,'2021-03-25'
name=dodo39442193,name=@SKinnock,'2021-03-25'
name=dodo39442193,name=@NewYorker,'2021-03-25'
name=dodo39442193,name=@fbermingham,'2021-03-25'
name=dodo39442193,name=@1mazeemkhan74,'2021-03-25'
name=dodo39442193,name=@CarolineLucas,'2021-03-25'
name=dodo39442193,name=@SecBlinken,'2021-03-25'
name=dodo39442193,name=@Reuters,'2021-03-25'
name=cmmmu13,name=@proudofhongkong,'2021-03-25'
name=cmmmu13,name=@MaajidNawaz,'2021-03-25'
name=cmmmu13,name=@LL202020,'2021-03-25'
name=cmmmu13,name=@MrKaku3,'2021-03-25'
name=cmmmu13,name=@violazhouyi,'2021-03-25'
name=cmmmu13,name=@studioincendo,'2021-03-25'
name=cmmmu13,name=@jerrywongbirdy,'2021-03-25'
name=cmmmu13,name=@SCMPNews,'2021-03-25'
name=zh_baolong,name=@hmusa,'2021-03-25'
name=zh_baolong,name=@xotinn,'2021-03-25'
name=peylon4,name=globalej,'2021-03-24'
name=peylon4,name=alexbhturnbull,'2021-03-24'
name=peylon4,name=Tom_Fowdy,'2021-03-24'
name=peylon4,name=Nickel_ore,'2021-03-24'
name=peylon4,name=ChinaEUMission,'2021-03-24'
name=peylon4,name=JohnRoss43,'2021-03-24'
name=peylon4,name=violazhouyi,'2021-03-24'
name=peylon4,name=ViolenceAmerica,'2021-03-24'
name=zh_baolong,name=@jw8c,'2021-03-24'
name=waterbiteme,name=robertlargan,'2021-03-24'
name=zh_baolong,name=@vonderleyen,'2021-03-24'
name=zh_baolong,name=@dw_chinese,'2021-03-24'
name=zh_baolong,name=@wangmengyan123,'2021-03-24'
name=zh_baolong,name=@Reuters,'2021-03-24'
name=zh_baolong,name=@Reuters,'2021-03-24'
name=zh_baolong,name=@BBCWorld,'2021-03-24'
name=zh_baolong,name=@UKRINFORM,'2021-03-24'
name=zh_baolong,name=@bbcchinese,'2021-03-24'
name=zh_baolong,name=@CCP_China_Watch,'2021-03-24'
name=zh_baolong,name=@CCP_China_Watch,'2021-03-24'
name=waterbiteme,name=DominicRaab,'2021-03-24'
name=waterbiteme,name=Colbybruin,'2021-03-24'
name=waterbiteme,name=Chenjuan,'2021-03-24'
name=blue_domain,name=hm_custserv,'2021-03-24'
name=waterbiteme,name=@xotinn,'2021-03-24'
name=wang26055475,name=Shemusawi,'2021-03-24'