9厘贴面板,55.00,元/张,广东鱼珠国际木材市场,2021-07-07
9厘胶合板,75.00,元/张,广东鱼珠国际木材市场,2021-07-07
9厘竹材胶合板,111.00,元/张,四川大西南建材城,2021-07-07
9厘刨花板,42.00,元/张,上海福人木材市场,2021-07-07
9厘中纤板,69.00,元/张,四川大西南建材城,2021-07-07
9厘中纤板,46.00,元/张,上海福人木材市场,2021-07-07
5厘竹材胶合板,35.00,元/张,四川大西南建材城,2021-07-07
5厘中纤板,44.00,元/张,四川大西南建材城,2021-07-07
5厘中纤板,33.00,元/张,上海福人木材市场,2021-07-07
5厘中纤板,34.00,元/张,广东鱼珠国际木材市场,2021-07-07
4厘UV板,41.20,元/张,山东临沂木材市场,2021-07-07
3厘麦哥利饰面板,50.00,元/张,广东鱼珠国际木材市场,2021-07-07
3厘胶合板,33.50,元/张,广东鱼珠国际木材市场,2021-07-07
3厘竹材胶合板,21.00,元/张,四川大西南建材城,2021-07-07
3厘沙比利饰面板,54.00,元/张,广东鱼珠国际木材市场,2021-07-07
3厘水曲柳饰面板,53.00,元/张,广东鱼珠国际木材市场,2021-07-07
3厘枫木饰面板,66.00,元/张,广东鱼珠国际木材市场,2021-07-07
3厘中纤板,22.00,元/张,四川大西南建材城,2021-07-07
25厘刨花板,106.00,元/张,上海福人木材市场,2021-07-07
25厘中纤板,117.00,元/张,上海福人木材市场,2021-07-07
20厘刨花板,94.00,元/张,广东鱼珠国际木材市场,2021-07-07
18厘贴面板,75.00,元/张,广东鱼珠国际木材市场,2021-07-07
18厘覆膜水泥模板,127.00,元/张,四川大西南建材城,2021-07-07
18厘覆膜水泥模板,109.00,元/张,广东鱼珠国际木材市场,2021-07-07
18厘细木工板,128.00,元/张,广东鱼珠国际木材市场,2021-07-07
18厘素水泥模板,84.00,元/张,广东鱼珠国际木材市场,2021-07-07
18厘素水泥模板,77.00,元/张,四川大西南建材城,2021-07-07
18厘竹材胶合板,245.00,元/张,广东鱼珠国际木材市场,2021-07-07
18厘清水水泥模板,116.00,元/张,广东鱼珠国际木材市场,2021-07-07
18厘指接板,160.00,元/张,广东鱼珠国际木材市场,2021-07-07
18厘刨花板,78.00,元/张,上海福人木材市场,2021-07-07
18厘刨花板,69.00,元/张,广东鱼珠国际木材市场,2021-07-07
18厘中纤板,95.00,元/张,广东鱼珠国际木材市场,2021-07-07
18厘中纤板,85.00,元/张,上海福人木材市场,2021-07-07
18厘中纤板,121.00,元/张,四川大西南建材城,2021-07-07
16厘刨花板,75.00,元/张,上海福人木材市场,2021-07-07
15厘覆膜小水泥模板,108.00,元/张,四川大西南建材城,2021-07-07
15厘覆膜大水泥模板,123.00,元/张,四川大西南建材城,2021-07-07
15厘胶合板,94.00,元/张,广东鱼珠国际木材市场,2021-07-07
15厘细木工板,121.00,元/张,广东鱼珠国际木材市场,2021-07-07
15厘素水泥模板,72.00,元/张,四川大西南建材城,2021-07-07
15厘竹材胶合板,162.00,元/张,广东鱼珠国际木材市场,2021-07-07
15厘竹材胶合板,132.00,元/张,四川大西南建材城,2021-07-07
15厘清水水泥模板,113.00,元/张,四川大西南建材城,2021-07-07
15厘指接板,140.00,元/张,广东鱼珠国际木材市场,2021-07-07
15厘刨花板,64.00,元/张,广东鱼珠国际木材市场,2021-07-07
15厘中纤板,78.00,元/张,四川大西南建材城,2021-07-07
15厘中纤板,82.00,元/张,广东鱼珠国际木材市场,2021-07-07
15厘中纤板,84.00,元/张,上海福人木材市场,2021-07-07
12厘贴面板,67.00,元/张,广东鱼珠国际木材市场,2021-07-07
12厘覆膜水泥模板,73.00,元/张,四川大西南建材城,2021-07-07
12厘胶合板,81.00,元/张,广东鱼珠国际木材市场,2021-07-07
12厘素水泥模板,51.00,元/张,四川大西南建材城,2021-07-07
12厘竹材胶合板,125.00,元/张,四川大西南建材城,2021-07-07
12厘竹材胶合板,136.00,元/张,广东鱼珠国际木材市场,2021-07-07
12厘清水水泥模板,87.00,元/张,四川大西南建材城,2021-07-07
12厘指接板,126.00,元/张,广东鱼珠国际木材市场,2021-07-07
12厘刨花板,52.00,元/张,上海福人木材市场,2021-07-07
12厘中纤板,74.00,元/张,四川大西南建材城,2021-07-07
12厘中纤板,65.00,元/张,上海福人木材市场,2021-07-07
12厘中纤板,78.00,元/张,广东鱼珠国际木材市场,2021-07-07
9厘贴面板,56.00,元/张,广东鱼珠国际木材市场,2021-07-06
9厘胶合板,76.00,元/张,广东鱼珠国际木材市场,2021-07-06
9厘竹材胶合板,112.00,元/张,四川大西南建材城,2021-07-06
9厘刨花板,43.00,元/张,上海福人木材市场,2021-07-06
9厘中纤板,46.00,元/张,上海福人木材市场,2021-07-06
9厘中纤板,68.00,元/张,四川大西南建材城,2021-07-06
5厘竹材胶合板,34.00,元/张,四川大西南建材城,2021-07-06
5厘中纤板,43.00,元/张,四川大西南建材城,2021-07-06
5厘中纤板,35.00,元/张,上海福人木材市场,2021-07-06
5厘中纤板,34.00,元/张,广东鱼珠国际木材市场,2021-07-06
4厘UV板,42.02,元/张,山东临沂木材市场,2021-07-06
3厘麦哥利饰面板,52.00,元/张,广东鱼珠国际木材市场,2021-07-06
3厘胶合板,34.00,元/张,广东鱼珠国际木材市场,2021-07-06
3厘竹材胶合板,20.00,元/张,四川大西南建材城,2021-07-06
3厘沙比利饰面板,53.00,元/张,广东鱼珠国际木材市场,2021-07-06
3厘水曲柳饰面板,54.00,元/张,广东鱼珠国际木材市场,2021-07-06
3厘枫木饰面板,65.00,元/张,广东鱼珠国际木材市场,2021-07-06
3厘中纤板,21.00,元/张,四川大西南建材城,2021-07-06
25厘刨花板,100.00,元/张,上海福人木材市场,2021-07-06
25厘中纤板,122.00,元/张,上海福人木材市场,2021-07-06
20厘刨花板,94.00,元/张,广东鱼珠国际木材市场,2021-07-06
18厘贴面板,77.00,元/张,广东鱼珠国际木材市场,2021-07-06
18厘覆膜水泥模板,128.00,元/张,四川大西南建材城,2021-07-06
18厘覆膜水泥模板,106.00,元/张,广东鱼珠国际木材市场,2021-07-06
18厘细木工板,131.00,元/张,广东鱼珠国际木材市场,2021-07-06
18厘素水泥模板,76.00,元/张,四川大西南建材城,2021-07-06
18厘素水泥模板,85.00,元/张,广东鱼珠国际木材市场,2021-07-06
18厘竹材胶合板,245.00,元/张,广东鱼珠国际木材市场,2021-07-06
18厘清水水泥模板,116.00,元/张,广东鱼珠国际木材市场,2021-07-06
18厘指接板,157.00,元/张,广东鱼珠国际木材市场,2021-07-06
18厘刨花板,83.00,元/张,上海福人木材市场,2021-07-06
18厘刨花板,69.00,元/张,广东鱼珠国际木材市场,2021-07-06
18厘中纤板,97.00,元/张,广东鱼珠国际木材市场,2021-07-06
18厘中纤板,85.00,元/张,上海福人木材市场,2021-07-06
18厘中纤板,120.00,元/张,四川大西南建材城,2021-07-06
16厘刨花板,76.00,元/张,上海福人木材市场,2021-07-06
15厘覆膜小水泥模板,109.00,元/张,四川大西南建材城,2021-07-06
15厘覆膜大水泥模板,124.00,元/张,四川大西南建材城,2021-07-06
15厘胶合板,94.00,元/张,广东鱼珠国际木材市场,2021-07-06
15厘细木工板,122.00,元/张,广东鱼珠国际木材市场,2021-07-06
15厘素水泥模板,71.00,元/张,四川大西南建材城,2021-07-06
15厘竹材胶合板,131.00,元/张,四川大西南建材城,2021-07-06
15厘竹材胶合板,163.00,元/张,广东鱼珠国际木材市场,2021-07-06
15厘清水水泥模板,114.00,元/张,四川大西南建材城,2021-07-06
15厘指接板,136.00,元/张,广东鱼珠国际木材市场,2021-07-06
15厘刨花板,64.00,元/张,广东鱼珠国际木材市场,2021-07-06
15厘中纤板,81.00,元/张,广东鱼珠国际木材市场,2021-07-06
15厘中纤板,84.00,元/张,上海福人木材市场,2021-07-06
15厘中纤板,77.00,元/张,四川大西南建材城,2021-07-06
12厘贴面板,67.00,元/张,广东鱼珠国际木材市场,2021-07-06
12厘覆膜水泥模板,74.00,元/张,四川大西南建材城,2021-07-06
12厘胶合板,78.00,元/张,广东鱼珠国际木材市场,2021-07-06
12厘素水泥模板,50.00,元/张,四川大西南建材城,2021-07-06
12厘竹材胶合板,124.00,元/张,四川大西南建材城,2021-07-06
12厘竹材胶合板,135.00,元/张,广东鱼珠国际木材市场,2021-07-06
